Name,Cost,Style 1,Style 2,Style 3,Particularly Good For,Link
Bardot,$$,American,Bar/Pub,,Dates,https://discoverclaremont.com/restaurant/bardot/
Boca Burger With A Bit Of Argentina,$,American,,,Eating Alone,https://discoverclaremont.com/restaurant/boca-burger-with-a-bit-of-argentina/
Claremont Village Eatery,$,American,Breakfast,,Long Chats,https://discoverclaremont.com/restaurant/claremont-village-eatery/
Denny’s,$,American,Breakfast,,Long Chats,https://discoverclaremont.com/restaurant/dennys/
Dog Haus Biergarten,$$,American,Bar/Pub,,Groups,https://discoverclaremont.com/restaurant/dog-haus-biergarten/
Dr Grubb’s,$$,American,Health Conscious,,Eating Alone,https://discoverclaremont.com/restaurant/dr-grubbs/
Eureka!,$$,American,Brews & Spirits,,Groups,https://discoverclaremont.com/restaurant/eureka/
Go to Go Chicken,$$,American,Asian/Sushi,,Eating Alone,https://discoverclaremont.com/restaurant/go-to-go-chicken/
Heroes & Legends Bar & Grill,$$,American,Bar/Pub,,Long Chats,https://discoverclaremont.com/restaurant/heroes-legends-bar-grill/
Honeybird,$$,American,,,Eating Alone,https://discoverclaremont.com/restaurant/honeybird/
Lounge 425 — at Hotel Casa 425,$$,American,Bar/Pub,,Long Chats,https://discoverclaremont.com/restaurant/lounge-425-at-hotel-casa-425/
Magnolia Bistro & Wine Bar,$$,American,Wine Bar,,Dates,https://discoverclaremont.com/restaurant/magnolia-wine-bar/
Norm’s,$$,American,,,Long Chats,https://discoverclaremont.com/restaurant/norms/
The Back Abbey,$$,American,Bar/Pub,,Long Chats,https://discoverclaremont.com/restaurant/the-back-abbey/
The Meat Cellar,$$$,American,,,Long Chats,https://discoverclaremont.com/restaurant/the-meat-cellar/
The Orchard — at DoubleTree by Hilton Claremont,$$,American,Bar/Pub,Breakfast,Dates,https://discoverclaremont.com/restaurant/the-orchard-doubletree-claremont/
The Spot Cafe,$$,American,Health Conscious,,Eating Alone,https://discoverclaremont.com/restaurant/the-spot-cafe/
The Village Grille,$$,American,Breakfast,Café/Deli,Long Chats,https://discoverclaremont.com/restaurant/the-village-grille/
The Whisper House,$$,American,Bar/Pub,,Dates,https://discoverclaremont.com/restaurant/the-whisper-house/
Walter’s Restaurant,$$,American,Bar/Pub,Breakfast,Long Chats,https://discoverclaremont.com/restaurant/walters-restaurant/
Wings & Bowls,$$,American,Café/Deli,,Eating Alone,https://discoverclaremont.com/restaurant/wings-bowls/
Wolfe’s Kitchen & Deli,$$,American,,,Eating Alone,https://discoverclaremont.com/restaurant/wolfes-market/
50-fifty Asian Fusion Cuisine,$$,Asian/Sushi,,,Long Chats,https://discoverclaremont.com/restaurant/50-fifty-asian-fusion-cuisine/
Blue Fin Sushi & Teriyaki,$$,Asian/Sushi,,,Long Chats,https://discoverclaremont.com/restaurant/blue-fin-sushi-teriyaki/
Bua Thai Cuisine,$$,Asian/Sushi,,,Groups,https://discoverclaremont.com/restaurant/bua-thai-cuisine/
Hayato Sushi & Grill,$$,Asian/Sushi,,,Dates,https://discoverclaremont.com/restaurant/hayato-sushi-grill/
Hi Family,$$,Asian/Sushi,,,Long Chats,https://discoverclaremont.com/restaurant/hi-family/
House of Pong Seafood and Grill,$$,Asian/Sushi,Seafood/Steak,,Long Chats,https://discoverclaremont.com/restaurant/house-of-pong-seafood-and-grill/
Kazama Sushi,$$,Asian/Sushi,,,Long Chats,https://discoverclaremont.com/restaurant/kazama-sushi/
Menkoi Ya Ramen,$$,Asian/Sushi,,,Long Chats,https://discoverclaremont.com/restaurant/menkoi-ya-ramen/
Mr You Express,$,Asian/Sushi,,,Eating Alone,https://discoverclaremont.com/restaurant/mr-you-express/
Oke Poke,$$,Asian/Sushi,,,Eating Alone,https://discoverclaremont.com/restaurant/oke-poke/
Oni Sushi,$$,Asian/Sushi,,,Long Chats,https://discoverclaremont.com/restaurant/oni-sushi/
Poke Dot,$$,Asian/Sushi,,,Eating Alone,https://discoverclaremont.com/restaurant/poke-dot/
Sanamluang Thai Cuisine,$$,Asian/Sushi,,,Long Chats,https://discoverclaremont.com/restaurant/sanamluang-thai-cuisine/
Star Wok Chinese Food,$,Asian/Sushi,,,Long Chats,https://discoverclaremont.com/restaurant/star-wok-chinese-food/
The Poke Co.,$$,Asian/Sushi,,,Long Chats,https://discoverclaremont.com/restaurant/the-poke-co/
The Upper House,$$,Asian/Sushi,,,Eating Alone,https://discoverclaremont.com/restaurant/the-upper-house/
Waba Grill Teriyaki House – Auto Center,$,Asian/Sushi,,,Eating Alone,https://discoverclaremont.com/restaurant/waba-grill-teriyaki-house-auto-center/
Espiau’s Restaurante Y Cantina,$$,Bar/Pub,Mexican,,Dates,https://discoverclaremont.com/restaurant/espiaus-restaurante-y-cantina/
Heroes & Legends Bar & Grill,$$,American,Bar/Pub,,Long Chats,https://discoverclaremont.com/restaurant/heroes-legends-bar-grill/
Packing House Wines,$$,Bar/Pub,Wine Bar,,Groups,https://discoverclaremont.com/restaurant/packing-house-wines/
Gus’s BBQ,$$,BBQ,,,Dates,https://discoverclaremont.com/restaurant/guss-bbq/
Mongolian Barbeque,$$,BBQ,,,Long Chats,https://discoverclaremont.com/restaurant/mongolian-barbeque/
Corky’s Kitchen and Bakery,$$,Breakfast,Coffee/Bakery,,Long Chats,https://discoverclaremont.com/restaurant/corkys-kitchen-and-bakery/
Crepes De Paris Café,$$,Breakfast,Coffee/Bakery,Sweets,Long Chats,https://discoverclaremont.com/restaurant/crepes-de-paris-cafe/
Euro Café,$$,Breakfast,Café/Deli,,Long Chats,https://discoverclaremont.com/restaurant/euro-cafe/
Claremont Craft Ales,$$,Brews & Spirits,,,Groups,https://discoverclaremont.com/restaurant/claremont-craft-ales/
Ironbark Ciderworks,$$,Brews & Spirits,,,Groups,https://discoverclaremont.com/restaurant/ironbark-ciderworks/
42nd Street Bagel,$,Café/Deli,Coffee/Bakery,,Long Chats,https://discoverclaremont.com/restaurant/42nd-street-bagel/
Café X2O,$$,Café/Deli,Mediterranean,,Long Chats,https://discoverclaremont.com/restaurant/cafe-x2o/
Cheese Cave,$$,Café/Deli,Grocery,,Groups,https://discoverclaremont.com/restaurant/cheese-cave/
The Last Drop Café,$$,Café/Deli,Coffee/Bakery,,Eating Alone,https://discoverclaremont.com/restaurant/the-last-drop-cafe/
The Quarter Creole,$$$,Cajun,,,Long Chats,https://discoverclaremont.com/restaurant/the-quarter-creole-cuisine/
85ºC Bakery Café,$$,Coffee/Bakery,Grocery,Sweets,Eating Alone,https://discoverclaremont.com/restaurant/85c-bakery-cafe/
Al Amir Bakery,$,Coffee/Bakery,,,Eating Alone,https://discoverclaremont.com/restaurant/al-amir-bakery/
Chocolate Bash,$$,Coffee/Bakery,Sweets,,Eating Alone,https://discoverclaremont.com/restaurant/chocolate-bash/
CK Tea House,$,Coffee/Bakery,,,Long Chats,https://discoverclaremont.com/restaurant/ck-cafe/
Crème Bakery,$$,Coffee/Bakery,,,Long Chats,https://discoverclaremont.com/restaurant/creme-bakery/
Iron & Kin Coffee Co,$,Coffee/Bakery,,,Long Chats,https://discoverclaremont.com/restaurant/iron-kin-coffee/
Le Pain Quotidien,$$,Coffee/Bakery,,,Long Chats,https://discoverclaremont.com/restaurant/le-pain-quotiden/
Pixie Donut Shop,$,Coffee/Bakery,Sweets,,Eating Alone,https://discoverclaremont.com/restaurant/pixie-donut-shop/
Rev'd Up Coffee and Classics,$,Coffee/Bakery,,,Eating Alone,https://discoverclaremont.com/restaurant/revd-up-coffee-and-classics/
Some Crust Bakery,$,Coffee/Bakery,Sweets,,Long Chats,https://discoverclaremont.com/restaurant/some-crust-bakery/
Starbucks Coffee – I-10,$,Coffee/Bakery,,,Long Chats,https://discoverclaremont.com/restaurant/starbucks-coffee-i-10/
Starbucks Coffee – Village,$,Coffee/Bakery,,,Long Chats,https://discoverclaremont.com/restaurant/starbucks-coffee-village/
T & Joy,$$,Coffee/Bakery,,,Long Chats,https://discoverclaremont.com/restaurant/t-joy/
The Coffee Bean And Tea Leaf,$,Coffee/Bakery,,,Long Chats,https://discoverclaremont.com/restaurant/the-coffee-bean-and-tea-leaf-127/
Norema Café,$,Coffee/Bakery,,,Eating Alone,https://discoverclaremont.com/restaurant/tocaja/
Aladdin Jr Restaurant & Café,$$,Mediterranean,,,Groups,https://discoverclaremont.com/restaurant/aladdin-jr-restaurant-cafe/
Darvish Restaurant,$$,Mediterranean,,,Groups,https://discoverclaremont.com/restaurant/darvish-restaurant/
Inka Trails,$$,Hispanic,,,Eating Alone,https://discoverclaremont.com/restaurant/inka-trails/
Kikiryki,$$,Hispanic,,,Eating Alone,https://discoverclaremont.com/restaurant/kikiryki/
Viva Madrid,$$,Hispanic,,,Long Chats,https://discoverclaremont.com/restaurant/viva-madrid/
Chipotle Mexican Grill,$,Fast Food,Mexican,,Eating Alone,https://discoverclaremont.com/restaurant/chipotle-mexican-grill/
Domino's Pizza,$,Fast Food,Pizza/Italian,,Groups,https://discoverclaremont.com/restaurant/dominos-pizza/
Jersey Mike's Subs,$$,Fast Food,,,Eating Alone,https://discoverclaremont.com/restaurant/jersey-mikes-subs/
Little Caesars,$,Fast Food,Pizza/Italian,,Groups,https://discoverclaremont.com/restaurant/little-caesars/
McDonald's,$,Fast Food,,,Eating Alone,https://discoverclaremont.com/restaurant/mcdonalds/
Subway – Baseline,$,Fast Food,,,Eating Alone,https://discoverclaremont.com/restaurant/subway-baseline/
Subway – I-10,$,Fast Food,,,Eating Alone,https://discoverclaremont.com/restaurant/subway-i-10/
Subway – Indian Hill/Arrow,$,Fast Food,,,Eating Alone,https://discoverclaremont.com/restaurant/subway-indian-hill-arrow/
We Olive and Wine Bar,$$,Grocery,Wine Bar,,Long Chats,https://discoverclaremont.com/restaurant/we-olive-and-wine-bar/
Jamba Juice,$,Health Conscious,,,Eating Alone,https://discoverclaremont.com/restaurant/jamba-juice/
Nekter Juice Bar,$,Health Conscious,,,Long Chats,https://discoverclaremont.com/restaurant/nekter-juice-bar/
Pepo Melo,$,Health Conscious,,,Eating Alone,https://discoverclaremont.com/restaurant/pepo-melo/
Uno Tres Otto,$$$,Health Conscious,Pizza/Italian,,Long Chats,https://discoverclaremont.com/restaurant/uno-tres-otto/
Saca's Mediterranean Cuisine,$,Mediterranean,,,Eating Alone,https://discoverclaremont.com/restaurant/sacas-mediterranean-cuisine/
Zaky Mediterranean Grill,$$,Mediterranean,,,Eating Alone,https://discoverclaremont.com/restaurant/zaky-mediterranean-grill/
Casa Jimenez,$,Mexican,,,Eating Alone,https://discoverclaremont.com/restaurant/casa-jimenez/
Casa Maguey,$$,Mexican,,,Eating Alone,https://discoverclaremont.com/restaurant/casa-maguey/
El Ranchero Mexican Food,$$,Mexican,,,Long Chats,https://discoverclaremont.com/restaurant/el-ranchero-mexican-food/
Elvira's Finest Foods of Mexico,$$,Mexican,,,Long Chats,https://discoverclaremont.com/restaurant/elviras-finest-foods-of-mexico/
Patty's Mexican Food,$,Mexican,,,Long Chats,https://discoverclaremont.com/restaurant/pattys-mexican-food/
Petiscos,$$,Mexican,,,Long Chats,https://discoverclaremont.com/restaurant/petiscos/
Rincon Azteca,$,Mexican,,,Eating Alone,https://discoverclaremont.com/restaurant/rincon-azteca/
Aruffo's Italian Cuisine,$$,Pizza/Italian,,,Long Chats,https://discoverclaremont.com/restaurant/aruffos-italian-cuisine/
Blaze Pizza,$$,Pizza/Italian,,,Long Chats,https://discoverclaremont.com/restaurant/blaze-pizza/
Buca di Beppo,$$,Pizza/Italian,,,Groups,https://discoverclaremont.com/restaurant/buca-di-beppo/
Eddie's Italian Eatery,$$,Pizza/Italian,,,Groups,https://discoverclaremont.com/restaurant/eddies-new-york-pizzeria/
Pizza N Such,$$,Pizza/Italian,,,Long Chats,https://discoverclaremont.com/restaurant/pizza-n-such/
Round Table Pizza – Baseline,$,Pizza/Italian,,,Long Chats,https://discoverclaremont.com/restaurant/round-table-pizza-baseline/
Round Table Pizza – I-10,$,Pizza/Italian,,,Long Chats,https://discoverclaremont.com/restaurant/round-table-pizza-i-10/
Tutti Mangia Italian Chophouse,$$$,Pizza/Italian,Seafood/Steak,,Long Chats,https://discoverclaremont.com/restaurant/tutti-mangia-italian-grill/
Union On Yale,$$,Pizza/Italian,American,,Long Chats,https://discoverclaremont.com/restaurant/union-on-yale/
A Kline Chocolatier,$$,Sweets,,,Eating Alone,https://discoverclaremont.com/restaurant/a-kline-chocolatier/
Baskin Robbins – Baseline,$$,Sweets,,,Eating Alone,https://discoverclaremont.com/restaurant/baskin-robbins-baseline/
Baskin Robbins – Foothill,$$,Sweets,,,Eating Alone,https://discoverclaremont.com/restaurant/baskin-robbins-foothill/
Bert & Rocky’s Cream Company,$$,Sweets,,,Long Chats,https://discoverclaremont.com/restaurant/bert-rockys-cream-company/
Edible Arrangements,$$,Sweets,,,Groups,https://discoverclaremont.com/restaurant/edible-arrangements/
I Like Pie Bake Shop,$$,Sweets,Coffee/Bakery,,Long Chats,https://discoverclaremont.com/restaurant/i-like-pie-bake-shop/
La Michoacana Tradicional Ice Cream,$,Sweets,,,Eating Alone,https://discoverclaremont.com/restaurant/la-michoacana-tradicional-3/
Yocrepe,$$,Sweets,,,Long Chats,https://discoverclaremont.com/restaurant/yocrepe/
Yogurtland,$,Sweets,,,Long Chats,https://discoverclaremont.com/restaurant/yogurtland-claremont-village/
Yum Yum Donuts,$,Sweets,,,Eating Alone,https://discoverclaremont.com/restaurant/yum-yum-donuts/